{
    "version": 1,
    "author": "Anonymous maker",
    "editor": "wokwi",
    "parts": [
      {
        "type": "board-esp32-devkit-c-v4",
        "id": "esp",
        "top": -230.4,
        "left": -158.36,
        "attrs": {}
      },
      { "type": "wokwi-dht22", "id": "dht1", "top": -364.5, "left": -389.4, "attrs": {} }
    ],
    "connections": [
      [ "esp:TX", "$serialMonitor:RX", "", [] ],
      [ "esp:RX", "$serialMonitor:TX", "", [] ],
      [ "dht1:VCC", "esp:3V3", "red", [ "v28.8" ] ],
      [ "dht1:SDA", "esp:27", "green", [ "v0" ] ],
      [ "dht1:GND", "esp:GND.1", "black", [ "v0" ] ]
    ],
    "dependencies": {}
  }