{
    "version": 1,
    "author": "Anonymous maker",
    "editor": "wokwi",
    "parts": [
      { "type": "board-esp32-devkit-c-v4", "id": "esp", "top": 0, "left": 0, "attrs": {} },
      { "type": "wokwi-led", "id": "led1", "top": 15.6, "left": -82.6, "attrs": { "color": "red" } },
      {
        "type": "wokwi-led",
        "id": "led2",
        "top": 15.6,
        "left": -130.6,
        "attrs": { "color": "yellow" }
      },
      {
        "type": "wokwi-led",
        "id": "led3",
        "top": 15.6,
        "left": -169,
        "attrs": { "color": "green" }
      }
    ],
    "connections": [
      [ "esp:TX", "$serialMonitor:RX", "", [] ],
      [ "esp:RX", "$serialMonitor:TX", "", [] ],
      [ "led1:A", "esp:14", "green", [ "v76.8", "h57.6", "v0" ] ],
      [ "led1:C", "esp:GND.1", "green", [ "v96", "h67.6" ] ],
      [ "led2:A", "esp:26", "green", [ "v57.6", "h105.6" ] ],
      [ "led2:C", "esp:GND.1", "green", [ "v96", "h125.2" ] ],
      [ "led3:A", "esp:33", "green", [ "v38.4", "h144" ] ],
      [ "led3:C", "esp:GND.1", "green", [ "v96", "h163.6" ] ]
    ],
    "dependencies": {}
  }